Mean,Std
0.4640348,0.31477863
0.22677429,0.16279684
0.06689936,0.051813774
